timestamp,vus,iterations,cpu_percent,mem_percent,memory_mb
2025-07-12T11:36:42.794Z,11,61,3.70,17.40,1397.73
2025-07-12T11:36:44.920Z,12,83,4.60,17.40,1397.73
2025-07-12T11:36:47.506Z,14,114,4.60,17.40,1398.48
2025-07-12T11:36:49.676Z,16,143,3.40,17.40,1399.05
2025-07-12T11:36:51.847Z,18,178,3.70,17.40,1399.23
2025-07-12T11:36:54.852Z,20,236,4.20,17.40,1399.61
2025-07-12T11:36:57.674Z,23,295,3.30,17.30,1400.17
2025-07-12T11:36:59.999Z,25,346,3.00,17.30,1400.73
2025-07-12T11:37:02.121Z,26,399,8.00,17.40,1401.30
2025-07-12T11:37:04.652Z,28,463,4.20,17.40,1402.05
2025-07-12T11:37:06.929Z,30,534,5.90,17.50,1403.17
2025-07-12T11:37:09.856Z,33,614,2.90,17.40,1404.11
2025-07-12T11:37:12.476Z,35,708,5.90,17.40,1405.23
2025-07-12T11:37:14.572Z,37,783,7.10,17.40,1408.42
2025-07-12T11:37:17.070Z,39,876,5.90,17.40,1409.36
2025-07-12T11:37:19.473Z,41,972,3.80,17.40,1410.30
2025-07-12T11:37:22.557Z,43,1099,6.80,17.50,1411.05
2025-07-12T11:37:25.255Z,45,1211,6.80,17.50,1411.98
2025-07-12T11:37:27.569Z,47,1318,4.60,17.50,1413.48
2025-07-12T11:37:29.896Z,49,1428,4.20,17.50,1414.98
2025-07-12T11:37:32.914Z,54,1576,2.90,17.40,1416.86
2025-07-12T11:37:35.149Z,57,1696,2.50,17.50,1418.55
2025-07-12T11:37:38.142Z,62,1874,2.90,17.50,1420.98
2025-07-12T11:37:41.424Z,68,2084,5.00,17.50,1423.80
2025-07-12T11:37:43.638Z,71,2221,4.20,17.50,1424.55
2025-07-12T11:37:46.389Z,76,2424,3.30,17.50,1426.98
2025-07-12T11:37:49.067Z,81,2627,4.20,17.50,1429.80
2025-07-12T11:37:52.092Z,86,2864,7.50,17.60,1432.61
2025-07-12T11:37:54.149Z,89,3039,12.90,17.60,1434.67
2025-07-12T11:37:56.631Z,93,3264,7.10,17.60,1438.42
2025-07-12T11:37:59.373Z,98,3529,3.80,17.60,1441.23
2025-07-12T11:38:01.435Z,101,3728,9.70,17.60,1444.23
2025-07-12T11:38:03.863Z,105,3968,12.10,17.60,1447.23
2025-07-12T11:38:06.157Z,109,4206,4.20,17.80,1450.05
2025-07-12T11:38:08.478Z,113,4453,5.40,17.80,1453.42
2025-07-12T11:38:10.561Z,116,4674,11.90,17.80,1456.61
2025-07-12T11:38:13.709Z,122,5054,4.20,17.70,1461.67
2025-07-12T11:38:16.735Z,127,5414,9.70,18.00,1466.92
2025-07-12T11:38:19.234Z,131,5741,4.20,18.00,1471.61
2025-07-12T11:38:21.707Z,135,6059,2.90,18.10,1475.55
2025-07-12T11:38:23.976Z,139,6370,5.00,18.00,1479.67
2025-07-12T11:38:26.802Z,143,6758,10.90,18.00,1484.73
2025-07-12T11:38:28.822Z,147,7037,3.80,18.00,1488.48
2025-07-12T11:38:31.371Z,151,7409,3.30,18.00,1493.55
2025-07-12T11:38:34.443Z,156,7880,5.00,18.10,1499.55
2025-07-12T11:38:36.730Z,160,8237,7.90,18.10,1504.42
2025-07-12T11:38:38.869Z,164,8563,3.80,18.20,1508.73
2025-07-12T11:38:40.880Z,167,8895,3.70,18.20,1512.86
2025-07-12T11:38:42.974Z,170,9246,3.80,18.20,1517.36
2025-07-12T11:38:45.572Z,175,9673,3.30,18.20,1522.98
2025-07-12T11:38:48.439Z,179,10170,4.20,18.10,1529.36
2025-07-12T11:38:50.556Z,183,10555,5.00,18.10,1534.23
2025-07-12T11:38:52.655Z,187,10923,5.00,18.20,1539.48
2025-07-12T11:38:54.922Z,190,11344,3.80,18.20,1545.30
2025-07-12T11:38:57.954Z,195,11919,3.30,18.10,1552.61
2025-07-12T11:39:00.141Z,199,12339,5.40,18.10,1557.86
2025-07-12T11:39:02.901Z,204,12891,4.20,18.20,1565.36
2025-07-12T11:39:05.292Z,208,13363,5.40,18.10,1572.86
2025-07-12T11:39:07.675Z,212,13860,5.90,18.30,1577.92
2025-07-12T11:39:11.175Z,217,14582,3.30,18.30,1586.55
2025-07-12T11:39:13.030Z,220,14924,3.30,18.30,1591.61
2025-07-12T11:39:16.116Z,226,15591,22.30,18.30,1599.67
2025-07-12T11:39:19.224Z,231,16308,4.60,18.30,1609.23
2025-07-12T11:39:21.509Z,235,16844,4.60,18.40,1616.17
2025-07-12T11:39:24.019Z,239,17427,3.80,18.40,1624.05
2025-07-12T11:39:26.371Z,243,17987,4.20,18.40,1631.17
2025-07-12T11:39:29.866Z,249,18843,4.20,18.50,1642.61
2025-07-12T11:39:32.556Z,253,19485,20.20,18.50,1651.23
2025-07-12T11:39:35.546Z,258,20242,5.00,18.60,1660.80
2025-07-12T11:39:38.118Z,262,20910,17.70,18.50,1669.98
2025-07-12T11:39:40.537Z,266,21562,4.60,18.50,1678.23
2025-07-12T11:39:43.446Z,271,22327,2.50,18.60,1688.36
2025-07-12T11:39:46.177Z,276,23063,5.50,18.60,1697.73
2025-07-12T11:39:48.380Z,279,23670,4.60,18.60,1705.80
2025-07-12T11:39:51.036Z,284,24403,5.00,18.70,1715.17
2025-07-12T11:39:54.037Z,289,25229,3.80,18.70,1726.23
2025-07-12T11:39:56.417Z,293,25918,3.40,18.70,1735.23
2025-07-12T11:39:58.702Z,297,26571,7.10,18.70,1744.23
2025-07-12T11:40:01.667Z,302,27461,3.80,18.80,1756.05
2025-07-12T11:40:03.997Z,305,28038,4.60,18.80,1762.42
2025-07-12T11:40:07.002Z,310,28948,4.20,19.00,1774.05
2025-07-12T11:40:09.068Z,314,29598,6.80,18.90,1782.67
2025-07-12T11:40:12.290Z,319,30619,3.30,19.00,1796.17
2025-07-12T11:40:14.515Z,323,31324,4.20,19.00,1805.73
2025-07-12T11:40:16.670Z,327,32017,4.20,19.00,1814.36
2025-07-12T11:40:19.520Z,331,32936,4.20,19.10,1826.55
2025-07-12T11:40:22.224Z,336,33822,5.40,19.10,1838.55
2025-07-12T11:40:25.292Z,341,34846,9.70,19.50,1851.86
2025-07-12T11:40:27.714Z,345,35649,8.00,19.60,1862.55
2025-07-12T11:40:30.193Z,349,36512,4.20,19.60,1873.61
2025-07-12T11:40:32.695Z,355,37380,15.90,19.90,1885.42
2025-07-12T11:40:35.307Z,362,38299,4.20,19.90,1897.05
2025-07-12T11:40:37.652Z,368,39142,5.80,19.90,1908.30
2025-07-12T11:40:39.724Z,373,39894,13.30,20.10,1918.42
2025-07-12T11:40:42.155Z,379,40821,6.70,20.10,1930.42
2025-07-12T11:40:44.781Z,385,41653,8.80,20.20,1939.61
2025-07-12T11:40:48.008Z,393,42905,11.40,20.30,1959.67
2025-07-12T11:40:50.041Z,398,43693,8.40,20.30,1966.80
2025-07-12T11:40:52.836Z,405,44790,5.90,20.40,1981.05
2025-07-12T11:40:55.064Z,411,45684,4.70,20.40,1992.48
2025-07-12T11:40:57.063Z,416,46494,2.50,20.30,2003.73
2025-07-12T11:40:59.613Z,422,47567,5.40,20.30,2017.61
2025-07-12T11:41:02.394Z,429,48738,6.00,20.30,2032.98
2025-07-12T11:41:04.670Z,435,49693,4.60,20.30,2046.30
2025-07-12T11:41:07.417Z,442,50900,4.60,20.60,2061.67
2025-07-12T11:41:10.168Z,449,52108,12.10,20.70,2077.23
2025-07-12T11:41:12.536Z,455,53161,6.30,20.70,2090.92
2025-07-12T11:41:15.003Z,461,54251,7.10,20.70,2105.92
2025-07-12T11:41:17.484Z,467,55389,15.50,20.70,2120.73
2025-07-12T11:41:20.868Z,476,56696,4.20,20.70,2136.11
2025-07-12T11:41:23.735Z,483,58044,8.40,20.70,2153.92
2025-07-12T11:41:26.710Z,490,59465,6.70,20.80,2172.86
2025-07-12T11:41:29.165Z,496,60660,5.10,20.90,2191.98
2025-07-12T11:41:32.468Z,500,62278,7.10,21.00,2209.98
2025-07-12T11:41:35.661Z,500,63866,3.80,21.00,2230.61
2025-07-12T11:41:37.936Z,500,64982,6.30,21.20,2244.48
2025-07-12T11:41:39.980Z,500,65996,10.20,21.30,2257.80
2025-07-12T11:41:42.430Z,500,67191,9.20,21.40,2273.55
2025-07-12T11:41:45.569Z,500,68731,8.00,21.70,2293.98
2025-07-12T11:41:47.841Z,500,69842,7.60,21.80,2308.42
2025-07-12T11:41:50.042Z,500,70928,7.10,21.70,2322.30
2025-07-12T11:41:52.602Z,500,72196,5.80,21.70,2339.36
2025-07-12T11:41:54.987Z,500,72962,27.20,21.60,2347.98
2025-07-12T11:41:57.083Z,500,73996,5.50,21.40,2360.92
2025-07-12T11:41:59.685Z,500,75259,4.20,21.30,2392.68
2025-07-12T11:42:02.043Z,500,76410,7.10,21.30,2407.49
2025-07-12T11:42:05.117Z,500,77915,4.20,21.40,2427.18
2025-07-12T11:42:07.913Z,500,79265,4.20,21.60,2444.43
2025-07-12T11:42:10.871Z,500,80714,3.30,21.60,2466.93
2025-07-12T11:42:12.981Z,500,81746,14.30,21.70,2476.87
2025-07-12T11:42:15.420Z,500,82946,4.20,21.80,2492.62
2025-07-12T11:42:18.509Z,500,84495,4.60,21.90,2512.12
2025-07-12T11:42:21.063Z,500,85748,41.50,22.00,2528.80
2025-07-12T11:42:23.585Z,500,86991,3.80,22.20,2545.30
2025-07-12T11:42:25.589Z,500,87984,3.80,22.10,2558.43
2025-07-12T11:42:28.355Z,500,89342,5.90,22.20,2576.24
2025-07-12T11:42:31.170Z,498,90647,3.80,22.10,2588.24
2025-07-12T11:42:33.657Z,454,91480,3.80,22.20,2601.74
2025-07-12T11:42:36.042Z,418,92547,5.50,22.30,2614.87
2025-07-12T11:42:38.385Z,375,93464,5.50,22.30,2626.12
2025-07-12T11:42:40.660Z,340,94287,5.00,22.30,2636.62
2025-07-12T11:42:43.008Z,297,95049,6.30,22.30,2646.18
2025-07-12T11:42:45.673Z,255,95811,3.80,22.30,2654.99
2025-07-12T11:42:48.090Z,218,96380,4.20,22.30,2662.30
2025-07-12T11:42:50.364Z,180,96850,3.30,22.40,2668.49
2025-07-12T11:42:52.548Z,142,97211,5.00,22.30,2672.62
2025-07-12T11:42:54.761Z,108,97496,3.30,22.40,2676.55
2025-07-12T11:42:57.688Z,57,97760,3.30,22.50,2679.18
2025-07-12T11:42:59.749Z,19,97858,4.20,22.50,2679.37
